application_id,prob_default,scorecard,actual_default
1648,0.3131404822094369,572.7566561358798,0
3967,0.7501627715627098,436.7856448504591,0
1257,0.000464920991516303,850.0,0
3483,0.7974592900603369,417.23645683098573,0
4474,0.4325442965603261,535.6793993370025,0
5646,0.10863456834174197,667.9230927302177,0
4859,0.0023761568535381754,850.0,0
4550,0.029521919962162493,768.038263347171,0
2902,0.2723483742090086,586.986137177968,0
5666,0.09212292585662558,681.139646417742,0
1798,0.05584598117075178,720.0712474839397,0
2216,0.029408502418433815,768.3243546370504,0
4353,0.2181753611345152,608.1642480480416,0
2078,0.08204891511124084,690.2894605146315,0
831,0.4090929575570516,542.6215293101278,0
162,0.4613526179683575,527.2699696698394,0
2055,0.10155243528921061,673.3568782804484,0
393,0.012786004771939346,829.6326749682929,0
2000,0.36940791136747503,554.6710200578477,0
54,0.5450919437091891,503.0501740797156,0
2065,0.007355612293049325,850.0,0
308,0.7107997424643843,451.22768866293234,0
2532,0.2698253201383901,587.9072000373501,0
5220,0.7336717181728133,442.9999530468965,0
3702,0.0071629381672042,850.0,0
5665,0.32254710886148763,569.6269418522847,0
5786,0.7320662349502205,443.5915155712112,0
2781,0.7465932409729047,438.1530326305437,0
4790,0.45886115721391324,527.993460447943,0
277,0.4261159525056215,537.5720651957466,0
4875,0.17687647997835268,627.0147408416868,0
397,0.21184759034261041,610.8688007536724,0
5979,0.12185232490370164,658.5628945330873,0
2125,0.6114283882144915,483.39625311397117,0
2758,0.7709893856475228,428.5315781710602,0
1275,0.007911453889127904,850.0,0
1291,0.32991375452447885,567.2092980942173,0
3174,0.0048922704109892745,850.0,0
5458,0.5378041858493674,505.1675652499263,0
359,0.10579468895599622,670.0633502806529,0
5316,0.027769119147630805,772.5836867004257,0
5002,0.3528072316820412,559.8621724638759,0
2874,0.003769992578092075,850.0,0
4583,0.6584812628396657,468.737521945269,0
2576,0.35965954653846116,557.7067675717469,0
5594,0.07361534008536078,698.7730562407788,0
3186,0.2709398680079261,587.4996604284003,0
3002,0.5428354249525112,503.706341891247,0
2300,0.899732676104641,357.81415993406154,1
1069,0.3438619890759015,562.7048874099501,0
2150,0.044244217127621326,737.7504655857902,0
1278,0.1250626948505398,656.4228113664966,0
2155,0.09456212781819993,679.0604671399273,0
4580,0.050382314401260786,727.9142798637952,0
566,0.26522259247754704,589.601584451885,0
5450,0.3649195517994203,556.0644500042297,0
3732,0.5004740801748953,515.9596140799151,0
762,0.019189990603794393,799.8737943394485,0
729,0.2730367540895877,586.7357675954822,0
4027,0.2958699271009602,578.6403495063965,0
2508,0.32967920105556936,567.285846067799,0
3623,0.07145720878094308,701.0872512846053,0
5306,0.032417281290329655,761.0739044808886,0
5559,0.7796984175432313,424.9245873282902,0
4607,0.016019287192646583,813.1338136622602,0
863,0.523526842431307,509.30297633840416,0
5280,0.21513732850346537,609.455523598241,0
1708,0.6143833501274952,482.49781600351815,0
1369,0.6504898206953209,471.2868044000506,0
4013,0.10670473547921858,669.3720502788724,0
3212,0.08088530243449511,691.4111761100075,0
3312,0.7989387383276395,416.5739178520995,0
822,0.05055660202634172,727.6519341795652,0
2791,0.18165045571835065,624.6740153771889,0
262,0.7108597367267212,451.206634642177,0
4778,0.2829747809216446,583.1639236485604,0
592,0.8771424904298907,374.30514568157855,0
887,0.45018527583684564,530.5177383234903,0
1323,0.3318375270837061,566.5825001683578,0
3073,0.08624921621093143,686.3572790992267,0
1984,0.6212589954425728,480.3972441206647,0
2996,0.18183678075376966,624.5836364428748,0
354,0.13682041048487806,648.9652691553993,0
5516,0.3278676543587661,567.8779924095353,0
3113,0.47497588895585147,523.3228746407872,0
3511,0.401629842234025,544.8549925729093,0
506,0.39608662981310444,546.522685276934,0
3317,0.0038333416897216996,850.0,0
4009,0.19220274997386685,619.6646175860958,0
2740,0.7216257615167917,447.3851479304317,0
3422,0.2255144912597157,605.0973099016078,0
2061,0.2787392881489613,584.676628562039,0
3069,0.7206107900624553,447.7492072724857,0
2258,0.48046949359602115,521.7345863681321,0
5433,0.029962197570790435,766.9376859125675,0
2502,0.4021035332685563,544.7128383552513,0
2004,0.4979583087887458,516.6855155757636,0
3675,0.7319143190520019,443.6473744116128,0
5974,0.23004918922197862,603.2376001745529,0
3455,0.6821067050613339,461.02366189202655,0
1822,0.6638407652234192,467.01178262778956,0
5669,0.1362741394867537,649.299488503343,0
4332,0.399417377055881,545.519686394115,0
2254,0.2140588156449559,609.9171098066781,0
319,0.09684066338478793,677.1611879980159,0
5525,0.2454253656685494,597.1153666781967,0
2505,0.00401798597802534,850.0,0
2763,0.2098889385386837,611.7178708750837,0
2921,0.060343491076090154,714.1395751301436,0
4144,0.2749729237600019,586.0336701709833,0
3465,0.0012372025239127868,850.0,0
1927,0.7379410727145735,441.41568675234686,0
4704,0.2571410618358149,592.6228185399773,0
5188,0.17730138813097446,626.8044136350104,0
1299,0.0009976231702919776,850.0,0
4914,0.5755325563102182,494.13422296833244,0
3364,0.07615922756169258,696.1240781205418,0
3262,0.11748346210366553,661.5546861446039,0
1579,0.3498613417707185,560.7946137432741,0
2041,0.8444726374152483,394.0522919693268,0
673,0.3905235990057021,548.2044361825214,0
5402,0.35155063771218426,560.2594750753324,0
1643,0.31991571984491834,570.4974877629575,0
1506,0.23633968449353313,600.6998626201134,0
2495,0.01865829788458699,801.9397188574886,0
3547,0.011622991347644728,836.5968112981939,0
4183,0.2760862099486811,585.6313582135051,0
3886,0.6541046374593023,470.13711617431375,0
1593,0.023161443712085252,786.012557604297,0
3871,0.8470039413501363,392.6526949998866,0
4035,0.7572692423615143,434.0239346735627,0
377,0.4092842420850385,542.5644535110061,0
1405,0.5447219095996826,503.15781162100427,0
5081,0.89005955357458,365.237423404016,0
1044,0.8075499637869653,412.64302570987525,0
4617,0.04301391872426967,739.8775279785892,0
5865,0.4427441165760016,532.6897451210159,0
5211,0.26189463702258264,590.8384175248488,0
5680,0.6197141187698832,480.8704817556371,0
529,0.04014424235849728,745.0740362567356,0
5847,0.0783841287461546,693.8730092610751,0
2389,0.08884432356752436,684.0137077660398,0
5518,0.7374979219329124,441.5808977195082,0
1958,0.7134990407611655,450.2778287034245,0
2764,0.005714752690084845,850.0,0
1320,0.040843778708427814,743.7752828116618,0
4058,0.49477519435800704,517.6040198581923,0
578,0.0721581239941246,700.3286659516673,0
862,0.12997808364940547,653.2355727975533,0
3714,0.08224669707895872,690.1002424005123,0
1309,0.19978099049204134,616.1951840512612,0
4193,0.2023192920974267,615.0552793540494,0
774,0.3617986877315597,557.037624737953,0
2901,0.10100240311249568,673.7927867635294,0
835,0.15758728490977536,637.0152086393769,0
5029,0.027684366638195006,772.8104695680031,0
2093,0.12136442723574889,658.8923692729546,0
893,0.008444949502977278,850.0,0
4253,0.07097314708303464,701.615160378623,0
5817,0.06869685835814107,704.1431455890986,0
4073,0.13938319704776447,647.4121225731735,0
3681,0.6761625828680133,462.99138000355555,0
1953,0.023012467889052767,786.489031627993,0
456,0.1254038390117735,656.1981798170428,0
1776,0.24484529181486983,597.3414939722172,0
381,0.26358465429632255,590.2090702582643,0
2159,0.07935180111374908,692.912159727336,0
2767,0.8676853095064472,380.43647199089173,1
1631,0.5487685511404202,501.9798954918326,0
4265,0.0006584778436900576,850.0,0
2314,0.002101090152234809,850.0,0
4108,0.20424960610301554,614.195538237947,0
4218,0.4141412365445163,541.1179070703972,0
1004,0.8172964307666952,408.02867395069086,0
2044,0.7221956030942743,447.1803945794703,0
2236,0.8332884508718635,400.02330810315345,0
3275,0.7534512545029394,435.5143414555864,0
3256,0.11585807164865754,662.6923758062618,0
1226,0.6085825386085384,484.259163554341,0
5230,0.13033811398292214,653.0061839195603,0
4310,0.0434443555011273,739.1268168747703,0
4782,0.3195686915494614,570.6125773334345,0
1085,0.11726903946312263,661.7039860208579,0
4854,0.35444283206663213,559.3460000379332,0
5305,0.3313000754979081,566.7574258568271,0
4255,0.3278820700497077,567.8732737162774,0
1865,0.2938965376560818,579.3249661452132,0
4754,0.7252941737611458,446.0624671938892,0
640,0.4384236873312264,533.9542215957867,0
264,0.5868346946408385,490.7846519500273,0
5382,0.7124889581569693,450.6338901269371,0
1086,0.8574932869529376,386.6416299855579,0
396,0.14946324340106382,641.5255472296275,0
3349,0.4161302414602967,540.5269773240954,0
4003,0.0027996142225593726,850.0,0
2529,0.5896153678229391,489.95653370874,0
4006,0.4889247959177682,519.2925559345241,0
4904,0.24150096047623873,598.6523260832878,0
191,0.8150369904331399,409.11496674381266,0
5686,0.08371022099242556,688.7128165066965,0
5961,0.641945412594162,473.9828511029048,0
3411,0.7599935720093696,432.9506961984976,0
5555,0.0006772349663230754,850.0,0
3566,0.01756162943315877,806.3898194231556,0
2372,0.3297253998879126,567.270766606167,0
3157,0.4283749669526535,536.9061508439785,0
1616,0.005459073292185834,850.0,0
4700,0.24863107850952243,595.8721448119454,0
2977,0.8497322186638535,391.1227771973448,0
705,0.367576797751752,555.2386344744167,0
5184,0.32711780801605206,568.1235867277845,0
4618,0.593996559071948,488.64827378088034,0
429,0.004225279479627339,850.0,0
2011,0.2994578488632037,577.4023503958775,0
4501,0.5984713671863685,487.30743692916354,0
1052,0.08628153796926574,686.3277001378511,0
4791,0.010515189523941967,843.9029448650886,0
1178,0.05948540662564999,715.2385369629812,0
3567,0.16149999805565973,634.9102367236064,0
5022,0.5710124024706327,495.46709759772364,0
5181,0.24372881303889046,597.7777468382787,0
2776,0.6901192943135365,458.3397628389958,0
1474,0.708711623396087,451.9588759290179,0
4296,0.5460591760013419,502.768751536062,0
366,0.4709979598051238,524.4740285323662,0
5347,0.7723119053878941,427.9901670710404,0
4986,0.38507001839327876,549.8614722291798,0
3534,0.1045699880737767,671.0019957797688,0
524,0.008335413529828596,850.0,0
2355,0.7179978500950356,448.6827366034509,0
4153,0.2587483165603711,592.0171047340671,0
4249,0.4785503907140296,522.2892545889198,0
5404,0.4892558836444183,519.1969787040875,0
1074,0.4039243006055762,544.1669355533307,0
1539,0.1517009091147459,640.2635689640839,0
1868,0.4573085673619641,528.4446140454096,0
5928,0.15752449413903485,637.0493330077596,0
3091,0.0009523956539703077,850.0,0
2312,0.5820427941056909,492.2079049663329,0
2167,0.08101629190070518,691.284171024778,0
3224,0.8722498033339587,377.52561199423576,0
3804,0.004104037354172375,850.0,0
2527,0.376356020114667,552.5276358919284,0
5135,0.10267666052457357,672.4723875953359,0
4016,0.6297817177437671,477.77261791039706,0
1380,0.21553029711655247,609.2877570630982,0
4162,0.7364535132481664,441.96955466611075,0
802,0.16615716906997638,632.4577516321286,0
1284,0.06163046744246124,712.5184314178891,0
1481,0.011351421602330297,838.3220500426524,0
1832,0.013958608317228683,823.2174643766496,0
5337,0.006337886789584337,850.0,0
2214,0.03580888190372715,753.6428928568893,0
2415,0.43659482699967594,534.4902934187209,0
2010,0.6658190960526759,466.37135712866115,0
3713,0.09549133659024125,678.2810329826503,0
5163,0.30541088355575924,575.3668212748926,0
5815,0.07403430134981198,698.3310545242413,0
706,0.28261336270767956,583.2924642867795,0
4925,0.4314757479710809,535.9935257859721,0
5348,0.5061350906550388,514.3261029241319,0
1772,0.031226430197484886,763.8624022768834,0
2402,0.10838988203928288,668.1055496355683,0
832,0.5371580846924305,505.35504417178925,0
4388,0.0030607936437281654,850.0,0
4324,0.39926267825138323,545.5662085647193,0
1214,0.020256539221748544,795.8936257033936,0
4436,0.23218054906863947,602.3724043713814,0
5476,0.014288429897670575,821.508717857504,0
1342,0.08791674164235955,684.8441898216008,0
3818,0.20896248508653426,612.1215125797492,0
3620,0.026863417706853406,775.0427815639819,0
343,0.24106467879353763,598.8242377289589,0
238,0.036829253473295374,751.5397805366395,0
1698,0.85852180691929,386.0326506768177,0
2484,0.2906675554518268,580.4509993271547,0
3820,0.2178520818124746,608.3010333938172,0
3521,0.28556942191950346,582.2440208786894,0
3389,0.417902672499429,540.0010752042722,0
1982,0.44560690391972246,531.8532900738886,0
2564,0.25765007658528855,592.4307233825464,0
1420,0.0010141960759269691,850.0,0
1401,0.3470677496461227,561.6822042267279,0
968,0.3293369220007241,567.3976006378041,0
1352,0.11696313157755946,661.9173962742694,0
215,0.01631315291050005,811.8009828698703,0
5023,0.18755043132857774,621.846388855585,0
5222,0.2573282383384432,592.5521518446909,0
4907,0.6090381734199516,484.12115941964754,0
3897,0.6944172063235541,456.88443559408597,0
1829,0.27894092357381944,584.60429754243,0
4170,0.015085380616830173,817.5351878784454,0
4708,0.08017837050673647,692.0998607650968,0
1256,0.3595137167779159,557.7524476441716,0
5486,0.3174016830246906,571.3327587051887,0
3709,0.20864651759670783,612.2594758071837,0
3931,0.2518162316689613,594.647474116771,0
5366,0.21797781913561678,608.2478142660505,0
4689,0.1614663357854954,634.9281695565367,0
2583,0.3021176553170195,576.4900716856399,0
610,0.02316270665184964,786.0085311089499,0
3602,0.2415928499582428,598.6161451183302,0
5868,0.5426395955548612,503.76326217053867,0
4167,0.8197992220474695,406.81313567261714,0
2360,0.37586072334483467,552.6798966291389,0
1819,0.11378120188077752,664.1664399183627,0
1878,0.7182057019561677,448.60867039121314,0
2844,0.2967889187927428,578.3224336244109,0
5937,0.7951408910835145,418.2674811623633,0
2759,0.004907118466371598,850.0,0
4984,0.7746171004972091,427.04114010355704,0
4517,0.4251320870883909,537.8623725220796,0
1847,0.3856684313854117,549.6792277870491,0
2625,0.13289514987861537,651.3923048022584,0
2964,0.14693416541629806,642.9707643134777,0
4285,0.5817454097852374,492.2960773080939,0
5502,0.253605503424919,593.9640195135909,0
778,0.48154399594717195,521.4241023846465,0
5440,0.28879639456646694,581.1069000776541,0
4114,0.22541809035288712,605.1371301279019,0
2392,0.1583450671214549,636.604251988589,0
3680,0.13112014576491857,652.5097715675815,0
116,0.24407922658469888,597.6406808819088,0
3137,0.059386944666141736,715.3655867621012,0
3462,0.18519476134707108,622.9670030752163,0
5831,0.2857213575431441,582.1903098966526,0
926,0.6268274886559568,478.6851182250444,0
5242,0.11062251146654549,666.4539491095418,0
2219,0.05688510468618134,718.6619397326223,0
1477,0.5637118272723822,497.61258111264607,0
5074,0.7580508395467418,433.71687102125276,0
2961,0.08208532010226333,690.2546006761635,0
3853,0.02275052892062568,787.3341500971436,0
4272,0.10500970371889205,670.6638742450941,0
5598,0.2194476740739925,607.6273232600086,0
2168,0.5675307659253775,496.49134972583965,0
1091,0.32768707497991206,567.9371105295832,0
5723,0.7736660713763384,427.43349781766534,0
98,0.27599124192551566,585.6656378805159,0
5343,0.431104926348931,536.1025817143233,0
2709,0.6193712751887357,480.9754029973291,0
3647,0.449051753010947,530.8481588405255,0
2413,0.6749174377134061,463.4011618357688,0
2598,0.16011138940795272,635.652508143462,0
4025,0.2277338297322548,604.1838825159228,0
959,0.012862353585240504,829.1976401534642,0
2096,0.16681604281116172,632.1152557642461,0
199,0.39929808145778245,545.5555613171153,0
172,0.017997889916443847,804.587727014647,0
584,0.37361120229888173,553.3724396721249,0
161,0.18209073399589104,624.4605696389573,0
2049,0.5864191829644052,490.90825341870516,0
1300,0.23499697256549154,601.2375690591971,0
257,0.0012558971248189028,850.0,0
271,0.041645291420940395,742.3131265148613,0
5630,0.0014011811223860514,850.0,0
4217,0.26168413336133317,590.9169902645115,0
4835,0.45396398178577424,529.4173188700505,0
2085,0.3695902373952679,554.6145661334788,0
5981,0.472556049292921,524.023021591563,0
5742,0.35841143170233736,558.0979938837075,0
3086,0.06616738170697423,707.044998983678,0
1680,0.24039527045837583,599.0884235183579,0
1366,0.3797682171902804,551.480819001269,0
2723,0.07450082091314057,697.841578885484,0
4966,0.033048253419986996,759.6363029411677,0
823,0.10571461588024357,670.1244268874532,0
5161,0.8434119483303938,394.6332384026317,0
813,0.7292046186331738,444.640376427162,0
1174,0.13795870405744076,648.2724298093674,0
4371,0.7037023425066093,453.70049999412345,0
4527,0.67993181993752,461.7458632084074,0
1340,0.1260826755744568,655.752742090349,0
1716,0.205039865386925,613.8453086371171,0
1725,0.12060739802215756,659.4058543080411,0
5241,0.022376320970871295,788.558128273487,0
3797,0.5528401517437559,500.79281727303334,0
4803,0.232762401520045,602.1371740000803,0
1429,0.9468163098178901,308.39496624175445,0
4664,0.4540695302393768,529.3866042445839,0
1841,0.7046603047114204,453.36877124335655,0
2031,0.0008251061490405022,850.0,0
2932,0.2467989056997733,596.5813596628025,0
855,0.029977254340274616,766.9003257899137,0
3007,0.3322527078177498,566.4474679038723,0
639,0.12092378493743887,659.1909152268762,0
5642,0.6817380473213049,461.14626454743734,0
5796,0.28191936776118287,583.5395676111941,0
1017,0.254625185485812,593.5759520688806,0
1527,0.6983744584904887,455.53429494359983,0
4407,0.03197834664261951,762.0900079430077,0
4669,0.03645371007775754,752.3072257198311,0
652,0.2752834288693062,585.9213605294299,0
237,0.2494499822390268,595.5562873319129,0
3204,0.42566898221435245,537.7039303446107,0
3063,0.3228114490566774,569.5396964944944,0
3779,0.886320207072669,367.95379606073084,0
3632,0.7833423011783471,423.38513652799804,0
786,0.25559931625102444,593.2061749234934,0
1881,0.49635214319145987,517.1489724053037,0
5,0.015644504984517155,814.868980559732,0
944,0.19937700829206012,616.3776045245374,0
4523,0.2204265026576056,607.2157722640634,0
1947,0.6190795721051684,481.0646449073881,0
998,0.15755391889851075,637.0333404063459,0
604,0.5724302116750691,495.04940977853477,0
5218,0.8205316546219455,406.45492537463724,0
4954,0.252878274239411,594.241415761266,0
4509,0.7900600718029505,420.49711599263554,0
2208,0.8149168016999747,409.1724626673199,0
4537,0.017973461277254528,804.6874968614193,0
1963,0.48060079078318246,521.6966445059973,0
27,0.02022766328842388,795.9986539897097,0
5920,0.8352199802168516,399.0156595511823,0
128,0.14055021312169264,646.712790332543,0
2616,0.5252406830948178,508.8072870795707,0
4876,0.25236056686977165,594.43921310967,0
977,0.7466895366279019,438.11631255986094,0
4171,0.343272670854745,562.8933792028357,0
519,0.060358678399532885,714.1202565550485,0
2908,0.8687463126715637,379.7675549372912,0
4544,0.3283319603664657,567.726064290955,0
1870,0.6454416297740054,472.88323089583565,0
3150,0.3215352162700668,569.9612635131577,0
1837,0.604846334147643,485.38866129246804,0
2052,0.2984957752813568,577.7334687276687,0
4226,0.11740930776662706,661.6062921639523,0
2204,0.15479419321367488,638.543971056685,0
1193,0.17172803659042185,629.5953527308998,0
1597,0.6285521438633419,478.1527680290255,0
5185,0.034836311499884906,755.70189754701,0
5177,0.08320104415171646,689.1929978419222,0
1784,0.44709203847424916,531.419779254775,0
3718,0.13499706110777984,650.0852564597694,0
2407,0.0023391969724355904,850.0,0
252,0.7060418816857277,452.8892475682236,0
3763,0.025927294230651026,777.6706997875472,0
5607,0.006631511233577089,850.0,0
5272,0.09286379646098046,680.5029555161285,0
4930,0.14113824000400746,646.3622553981329,0
414,0.11926652408613707,660.3222217721716,0
2191,0.722420377869354,447.0995582974021,0
5407,0.25947748631757256,591.7431162290097,0
5576,0.09426912630664298,679.3076634129886,0
1313,0.054063474162484755,722.5472672686269,0
1169,0.4416584043345819,533.007258445645,0
3100,0.6997911721469062,455.0485015409088,0
5976,0.0010449611203809878,850.0,0
628,0.3067162358722387,574.923476632583,0
2090,0.5118881926980606,512.6655508106373,0
5429,0.6433545277761777,473.54023914107415,0
733,0.9006058024057559,357.1132930166923,0
2418,0.0018650046569154905,850.0,0
3774,0.20809731982100582,612.4996426966649,0
3546,0.12780055394383175,654.6346039730767,0
3194,0.3642555740414553,556.2711976651569,0
2047,0.7084143870708116,452.06270603606356,0
4540,0.3546708615958771,559.274122735333,0
5782,0.20417737665355204,614.2275992959023,0
3890,0.8090564089232496,411.94171493955713,0
1585,0.23724100580452234,600.3400994106763,0
2003,0.7058077744831023,452.9705947515418,0
5988,0.5723184372213342,495.0823512643597,0
4329,0.6900372954389099,458.3674196483996,0
4856,0.07311741800368281,699.3013826699652,0
5886,0.11247506838061909,665.1055248970231,0
1766,0.332926540507425,566.2284926289042,0
1721,0.03811979906568123,748.9586448661184,0
518,0.3275899335601302,567.9689196179831,0
4695,0.5633359099282681,497.7228274357685,1
5234,0.4993981527151063,516.270061246895,0
3617,0.13867349654541972,647.8398117498061,0
1583,0.3853489094085105,549.776523876945,0
4595,0.6122469072331805,483.14764011397267,0
2172,0.3268921564036093,568.1975501127695,0
469,0.47428200436526785,523.5236042758064,0
5914,0.2960605567803467,578.5743561433502,0
4735,0.5081979095000492,513.7307760745233,0
5452,0.5814353745348946,492.38798180503255,0
3633,0.20790447367056822,612.5840860838125,0
4738,0.029480545879205948,768.1425041719112,0
2566,0.3270169147887828,568.1566539534801,0
4125,0.21092590779324852,611.267627826719,0
1861,0.22374973446484023,605.828199073537,0
2896,0.6811417329434302,461.344417694514,0
2136,0.637747786310124,475.2968307391594,0
1150,0.7161348333637958,449.3451338830307,0
4484,0.172964953572796,628.9698407420457,0
833,0.7285451563633228,444.88109629031624,0
390,0.139942332582381,647.0764523761147,0
2739,0.6214253305836726,480.34624639776285,0
1745,0.8197066581199337,406.8583249245894,0
5985,0.01185093633067322,835.1791915521483,0
3724,0.10185766884918329,673.1158790616539,0
4462,0.21367777424097484,610.0805937426832,0
3481,0.12854824751151353,654.1519472585614,0
1037,0.389161064903174,548.6176370213832,0
516,0.06766953530007257,705.309555875237,0
3492,0.8221845135558138,405.6423437447965,0
2658,0.6744125485449828,463.56709060401323,0
5191,0.5230645229793434,509.4366637467971,0
4037,0.47332680195462,523.799976112656,0
972,0.32411174193719905,569.111077919985,0
3974,0.09087494590622991,682.2226173271252,0
4051,0.013460979355872713,825.8724463786436,0
5229,0.7625183852367801,431.9485899844873,0
3817,0.1255775659460516,656.0839877910173,0
5949,0.2744671005251084,586.2167950793394,0
4674,0.6855226498548684,459.8839936760451,0
3634,0.27401529212727116,586.380542289693,0
4574,0.013542188351311577,825.4326325676979,0
4240,0.16773865442963554,631.6374769674993,0
612,0.052071503797581235,725.407017827637,0
3497,0.01293997322581535,828.7579690253376,0
761,0.6005680898869707,486.67749327296553,0
4096,0.006936612217432658,850.0,0
5917,0.8859431221608578,368.22337305309964,0
3025,0.02641394993621038,776.2932314260247,0
3205,0.4973228421164375,516.8688766068037,0
1939,0.06280037450719249,711.071970244118,0
903,0.11720263034524653,661.7502738900794,0
815,0.049041205868596116,729.9622282630303,0
5201,0.3281823757846582,567.7749986744592,0
5528,0.3498453934088845,560.7996715618558,0
3531,0.6641182034770363,466.92208303960496,0
3321,0.2397468092584153,599.3448223116694,0
1261,0.48848817166156644,519.4186033785141,0
4666,0.00030421953931781626,850.0,0
2765,0.3371464986566196,564.8621266170746,0
1249,0.28588550418520475,582.1323014337578,0
806,0.62226898026457,480.08745144422033,0
386,0.039790113820407126,745.739797686408,0
3169,0.4713330132788847,524.3770299418536,0
4598,0.7702785621162301,428.821665910058,0
3558,0.08439769839215899,688.0686811752116,0
4270,0.3780339334746317,552.0124112652337,0
433,0.6359919548968183,475.84449576655766,0
1651,0.5670691225616356,496.6270096224745,0
1464,0.7434841020604976,439.3337221577789,0
4190,0.21108801427565116,611.1973893655565,0
40,0.13233354971673816,651.7444887678134,0
5173,0.5063734927880768,514.2573038431887,0
3338,0.0006393402842148038,850.0,0
4696,0.0008007945068406455,850.0,0
4065,0.040645744501456534,744.1407762768346,0
3289,0.4193022267959648,539.5862552349412,0
2695,0.4416678385737766,533.0044987322939,0
5936,0.7894322082711923,420.76987466766093,0
4312,0.2229997344701682,606.1400597119724,0
5544,0.4246917863250606,537.9923477920414,0
5325,0.6134240291966306,482.7897688674259,0
1165,0.6382062412461161,475.15364490227876,0
543,0.8657059093508955,381.672345531503,0
5645,0.36972208676574586,554.573748563543,0
1763,0.688364329105665,458.93080672146885,0
1163,0.14665265018580795,643.132902681862,0
4799,0.5267898516399708,508.35907777989934,0
2623,0.00024209149165796027,850.0,0
1945,0.5426654174094112,503.75575694310675,0
3383,0.08379540893921926,688.6327389778705,0
560,0.0003314680278359349,850.0,0
4766,0.7624344151988663,431.9820353328122,0
5283,0.5566476279519363,499.68087676118336,0
283,0.5440318776574369,503.35849360519364,0
3479,0.09191007526151337,681.3234169693992,0
1333,0.46890547125921883,525.0799824609932,0
3543,0.20345399979633985,614.5491565394324,0
3362,0.8375833270859485,397.76975554209776,0
5110,0.07211564813984958,700.3744427459109,0
4071,0.14377503643604475,644.8052395008165,0
2318,0.6231952669868945,479.80304524969864,0
1452,0.3418049248337069,563.3635071348131,0
4775,0.19929680800235378,616.413852433469,0
4784,0.7793241071800092,425.08168424899605,0
1660,0.0007288526640190501,850.0,0
992,0.006706682592177831,850.0,0
2181,0.3306894541486962,566.9563401446001,0
2684,0.4264989567171726,537.4590996557123,0
670,0.06783849860249393,705.1165939723123,0
4115,0.8873253205016532,367.2314151871239,0
3946,0.8824135345237727,370.70975936055294,0
5850,0.7337137378742157,442.9844398871178,0
5279,0.4095344616938555,542.4898049276603,0
5615,0.0035380738178148866,850.0,0
1285,0.005009539408850223,850.0,0
2563,0.006844233114714242,850.0,0
2661,0.6833394274735296,460.6131486508263,0
3250,0.6222433276418438,480.09532389074445,0
801,0.09589704264168568,677.9428469027582,0
3402,0.9249873945509982,334.88496738335016,0
1869,0.23513532272134752,601.1820668545114,0
4931,0.7348283670997949,442.57236117027196,0
4958,0.1472025865970976,642.8164067497268,0
3285,0.3866004697733315,549.3955882988175,0
960,0.27548912107596835,585.8470049523391,0
2057,0.11449113171346043,663.6599498210593,0
13,0.2258408175511447,604.9626040949241,0
2489,0.4217966701469236,538.8478653132926,0
595,0.024638140222022983,781.4450194203234,0
2121,0.18055603968508185,625.206335271013,0
2381,0.05767810484318555,717.6026196661146,0
911,0.019901120700994406,797.196690970238,0
2578,0.1886906931957301,621.3078433241903,0
4946,0.5833531171986698,491.8191918315185,0
5776,0.40808573807929804,542.9222010766707,0
2802,0.3028227984938477,576.248983117373,0
2926,0.7077887387294146,452.2810532446938,0
2826,0.6119805245346543,483.22857095182405,0
2027,0.43865535547483214,533.88635080014,0
2206,0.150750793300969,640.7975233126851,0
3944,0.5685476280516626,496.1924096539012,1
4546,0.1569142963901837,637.3815294316454,0
945,0.046948550396526685,733.2664837637127,0
3739,0.830616072239878,401.40216479855627,0
4358,0.7569107678307129,434.1645426675237,0
2768,0.26544539582280413,589.5191358243418,0
4197,0.7658312859571871,430.622491724946,0
1734,0.25279196859063663,594.2743714139467,0
3118,0.06468738097094576,708.7910269568532,0
5760,0.24398715419795344,597.6766825250263,0
5832,0.31743827457016016,571.3205761758646,0
5351,0.29266139309984834,579.7548329257022,0
4259,0.0023872711099665453,850.0,0
3589,0.04507803369533598,736.3407224010883,0
3209,0.3878688912069529,549.0099856663235,0
1504,0.2388973680439494,599.6814072205511,0
5447,0.81289154237196,410.1369994703795,0
3484,0.23307158268911737,602.0123454020095,0
3014,0.2739595731674295,586.4007479367903,0
2514,0.24205020325661514,598.4362041504911,0
1580,0.008685475563232356,850.0,0
4044,0.07434921829119279,698.0003314795664,0
748,0.35155533517185616,560.2579886526717,0
2942,0.6790243639861101,462.0464273292052,0
3153,0.6990917707337967,455.2884902235434,0
5811,0.01718051491014654,808.0004687330775,0
165,0.770793472483405,428.61159358006154,0
2671,0.7774780602828875,425.85368586439756,0
1492,0.05109353881873174,726.8490603645141,0
1647,0.12602298271292778,655.7918288052016,0
4640,0.7859676191249616,422.2643648151076,0
226,0.1195620295342058,660.1195084280307,0
3548,0.3893487968053961,548.560674587376,0
5855,0.015861081503947997,813.8613510390009,0
1934,0.3639839572501161,556.3558193353535,0
53,0.27965614105534115,584.3479915351194,0
3536,0.7450308297061679,438.747539112958,0
1274,0.8385638923534401,397.2485339843777,0
1511,0.846023038531897,393.197282526164,0
678,0.28772902997747324,581.4821749819032,0
599,0.6153041244275981,482.2173397012542,0
4743,0.2270781289151064,604.4530962948442,0
2079,0.8075263099532268,412.6540040923336,0
376,0.8067071251397055,413.03357772732636,0
4901,0.4212694263254098,539.0038370494555,0
1254,0.6528383083768503,470.5405068554657,0
3179,0.6319862309533786,477.08973565209885,0
4479,0.019562404622360755,798.4599138897687,0
527,0.6884693025263044,458.8955047943336,0
3592,0.03980417712699294,745.7132505869449,0
2014,0.0932035615514765,680.2124914714692,0
2884,0.45163522811205664,530.0952982343425,0
4985,0.29399425110580074,579.2910040916822,0
1265,0.3982452395594139,545.8723314076784,0
4936,0.7135512783777616,450.2593941712724,0
4235,0.12797057016669006,654.5246426466682,0
3074,0.6252884965118457,479.1593193635588,0
2790,0.025394855218957287,779.2068889592421,0
2467,0.03979781565606781,745.7252579293508,0
4543,0.14046457200573254,646.7639450337766,0
804,0.08673933589355325,685.9098243640123,0
3408,0.018331096028413547,803.2399828935131,0
4832,0.06777980249203945,705.1835763797235,0
5320,0.06007512835836428,714.4816905221487,0
1157,0.2296370059260661,603.4055673212902,0
4080,0.30747265469634655,574.6670512377689,0
1807,0.41852771983036935,539.8157667086855,0
2450,0.1640271095808557,633.5724988568368,0
5300,0.14279570235214237,645.3807308991612,0
1072,0.24732954214416603,596.3755935030667,0
3751,0.5633527434529838,497.7178910786369,0
5143,0.33057444027126137,566.9938275166054,0
2929,0.6528461009164501,470.53802664567917,0
5942,0.05364050422214478,723.1460859347135,0
155,0.6910117000572443,458.0385083592406,0
5875,0.012110352426644894,833.5982617060722,0
4189,0.5837952283096844,491.6879590647457,0
5326,0.2377818320314849,600.1246801174841,0
3225,0.21525892537917518,609.4035876038691,0
5794,0.2820702552422154,583.48581134953,0
179,0.8568081100111422,387.0452871777776,1
286,0.20017802772016252,616.0161691098377,0
5312,0.9291887181424848,330.40037976782463,0
947,0.8891437467831039,365.9100785380414,0
405,0.44481800433799235,532.0836847062735,0
4434,0.191120266517298,620.1686269388899,0
989,0.40995136842778307,542.3654592134253,0
5293,0.6520378871863082,470.79512642928063,0
836,0.014896055256230084,818.4600910455563,0
4924,0.19655625978265992,617.6591394823067,0
5926,0.10986536935605894,667.0107472603715,0
3660,0.13630484913600863,649.280669838013,0
1391,0.6106322647937263,483.637880720701,0
983,0.2118691068604726,610.8595053839231,0
1450,0.12493032467177073,656.5101139433,0
1489,0.25891338827207805,591.9550344355606,0
869,0.7270763798937389,445.4159212165632,0
1159,0.09232716340320359,680.9636705082096,0
4635,0.034882016212987955,755.6039038972433,0
3550,0.00458858332356304,850.0,0
1263,0.07486454750546594,697.4619058244178,0
1588,0.33665035942150107,565.022329059232,0
2718,0.6740235745951934,463.69483378109203,0
3964,0.4245783640947754,538.0258353501907,0
4699,0.10044256908834537,674.238632551983,0
1603,0.7523870502349863,435.92699220273465,0
4315,0.1328965380506057,651.3914358315183,0
3854,0.5096633357618204,513.3078081942969,0
4680,0.2005323309883928,615.8566465569274,0
2647,0.8388177118012576,397.1131994908309,0
2452,0.41731153729575393,540.1764016697151,0
77,0.18897268025535963,621.1750464236729,0
4116,0.677055708401095,462.69694349560433,0
2455,0.19428692638180203,618.7002717561941,0
1294,0.868202092128673,380.1112332661437,0
3855,0.08288956011570282,689.4880629486394,0
2581,0.3396253229361815,564.0634430954934,0
3134,0.25783535547852826,592.3608632127726,1
3542,0.002340508402459491,850.0,0
5620,0.18189662361873096,624.5546243096443,0
1211,0.8729002270190024,377.10363929662117,0
4853,0.26420042972717533,589.9804057733268,0
2144,0.9008181828704213,356.9419854606625,0
3861,0.20994825861321342,611.6920706510764,0
1289,0.21218922450566455,610.7212925169543,0
1399,0.1914512680806219,620.0142803864592,0
4007,0.7847483457639395,422.7861168605456,0
2386,0.04058821980684099,744.2472639299917,0
2687,0.276923783955634,585.329342549672,0
60,0.09706555975735681,676.9758966598722,0
1996,0.4104722080635105,542.2101688911339,0
1078,0.2809733738926258,583.8769934499882,0
3847,0.5074360062405969,513.9506686739236,0
3083,0.3114129292286524,573.336917196513,0
5683,0.6182808143096744,481.3088778249245,0
5245,0.026114347797570544,777.1382953204633,0
770,0.12314721423017709,657.6939376220366,0
2070,0.5659026631126264,496.969637006197,0
5266,0.679170395643313,461.99808959996955,0
3010,0.10406660258253869,671.3906217401925,0
5912,0.8627241954581044,383.50530219858575,0
3866,0.6917146186646558,457.8008813914296,0
337,0.5799193563120904,492.83710567711483,0
5120,0.7952711638349473,418.2097777751387,0
1540,0.10079613598080672,673.9567997875913,0
1900,0.8407280904023324,396.08903311589205,0
1856,0.3991891215299419,545.5883312070467,0
2163,0.013049697858168658,828.1408612594613,0
3104,0.04618553326347271,734.5061914328792,0
4156,0.5661281791734183,496.9034123874404,0
4086,0.1187997746913441,660.6432929394592,0
3208,0.48009752901148095,521.8420798133972,0
3776,0.3710928158479208,554.1497569641436,0
4302,0.1980461147993762,616.9805487676991,0
2174,0.11655169192336721,662.2051935155464,0
5726,0.33568775479834617,565.3334845584012,0
4621,0.8302550709050038,401.587097108493,0
3760,0.041843988309761014,741.954820234788,0
5996,0.30714301114832837,574.7787569154931,0
5991,0.4355540379770889,534.7955921550857,0
1755,0.7608261953421592,432.62102818465826,0
4233,0.06767829329722688,705.2995429675798,0
2351,0.08432458858649275,688.1369548887391,0
5454,0.09840456027476659,675.8805616750265,0
2166,0.013551422301146086,825.382787900893,0
227,0.2311026401362209,602.8092689571989,0
1983,0.8030859162599745,414.69700276430865,0
411,0.1985408893157343,616.7560426586666,0
3488,0.6927541128590978,457.4489211211925,0
4478,0.24993598249668336,595.3691606122884,0
5130,0.48859813751935377,519.3868572709582,0
208,0.03636157571980695,752.4966695523,0
2761,0.5333647369849416,506.45504917877815,0
1054,0.3798257563232569,551.4631983291232,0
5878,0.042356822151701626,741.037501847617,0
4882,0.6425576567511674,473.79063651620487,0
3089,0.36642204882042084,555.5971953467796,0
1276,0.5325022389950147,506.7049979487784,0
720,0.3098784237026742,573.8538163812648,0
279,0.30559178365230744,575.3053179173661,0
5703,0.6202280514579797,480.713133200744,1
2403,0.05345479158096398,723.4104164289375,0
4274,0.5479603844740575,502.21528557764475,0
2638,0.7853927441366403,422.51063397837095,0
4807,0.3198114082323567,570.5320750415553,0
2008,0.15750791516522966,637.0583448876284,0
2745,0.0014782875012609845,850.0,0
3896,0.48390610725888283,520.7417253040068,0
3782,0.6196349875969521,480.8947016977704,0
3738,0.33013097868004493,567.1384302871837,0
594,0.5844510021138705,491.49323057116686,0
3585,0.022164870170862588,789.2586257226008,0
4644,0.1320712938413727,651.9093854999844,0
5558,0.08974723027674986,683.2127999614248,0
3557,0.07337574365738327,699.0268709162873,0
3756,0.22716419592386602,604.4177281534073,0
4900,0.10749396559936485,668.7767172518459,0
587,0.01008097330130286,846.9765887490014,0
563,0.06034361389524241,714.1394188835109,0
483,0.36762695761329456,555.2230700673748,0
4062,0.5187725232160822,510.6772522224797,0
607,0.16106794744410294,635.1406318203803,0
4514,0.04430713664450618,737.6432069808142,0
5204,0.002549534004305592,850.0,0
4645,0.30941956605320775,574.0086563029753,0
2621,0.6709606716739976,464.69799607175213,0
4965,0.14130010325383285,646.2659796638089,0
4178,0.08950711503550142,683.425078224085,0
666,0.902850861002539,355.2856758212756,0
243,0.2994593598253923,577.4018308456489,0
3318,0.029776396706056276,767.4002142868517,0
4783,0.24152408305905687,598.6432208134863,0
21,0.06782951630794033,705.1268408394909,0
5055,0.09970861099345685,674.8265053579837,0
1705,0.6526082513247133,470.6137176857581,0
1912,0.14982861107677148,641.3184328976117,0
1720,0.39229402120804463,547.6683116221107,0
1067,0.15025086776017246,641.079587763351,0
980,0.029122429638017824,769.0507423897718,0
4789,0.40246196866076955,544.6053087005736,0
800,0.7962053875984327,417.79516868102246,0
5737,0.020627126956700558,794.5585768160602,0
5406,0.11397600947314401,664.0271835218086,0
2120,0.17647321349685094,627.214722755022,0
3773,0.79898595939341,416.55271098012275,0
1456,0.2121265101024082,610.7483578575327,0
2,0.2874092366095143,581.5947725561222,0
2425,0.7553019903943564,434.7938436313511,0
5599,0.5707277535770762,495.5509137998845,0
2304,0.6630942478582822,467.25296076141257,0
3496,0.15192491553500892,640.1380802387438,0
4031,0.714333017316453,449.9832794267175,0
4042,0.28603453705250276,582.0796513872248,0
3927,0.3704520289225979,554.347883704358,0
2356,0.16247622507546267,634.3914806980197,0
4541,0.5630803136911325,497.7977746584456,0
4481,0.07079601550726843,701.8091682246056,0
339,0.013181638379951798,827.4055525969019,0
2369,0.48382580001632175,520.7649212284629,0
114,0.8824240703565843,370.7024344760475,0
468,0.01332891587492223,826.5932988633508,0
1059,0.11580260518329763,662.7314434400023,0
2650,0.4693969714073801,524.9376235824033,0
5838,0.9289531695315816,330.6582210207649,0
5660,0.003321411100371906,850.0,0
5418,0.7777895600441775,425.72374120693576,0
4504,0.2822073446453697,583.4369860248396,0
209,0.32207286916127625,569.7835584047895,0
5736,0.09308081160779519,680.3173201892189,0
3190,0.46025931276722615,527.5873813942659,0
2177,0.24454499212094022,597.4587005134704,0
3295,0.08528478876718576,687.2445192079911,0
2046,0.06181583068984648,712.287549776107,0
2795,0.4689965161726185,525.0536107583188,0
1397,0.14571296943924153,643.6759841150521,0
364,0.11495903489045439,663.3276236601441,0
340,0.05602394208541508,719.8281478755297,0
1223,0.18446655112324808,623.3156452599644,0
4214,0.35386502239823864,559.5282251958055,0
2962,0.4867836149331645,519.9107358955345,0
3637,0.3278596997297508,567.8805962465852,0
5821,0.7380323989431924,441.3816170580699,0
282,0.21774853658918833,608.3448762144624,0
730,0.0029095075602355346,850.0,0
4428,0.1735800100304682,628.6601216932032,0
3359,0.18777333602761723,621.7409135223062,0
3268,0.01326909153568387,826.922164504922,0
2531,0.09742343193981216,676.6818354403417,0
304,0.5610249835511758,498.40009550050377,0
2549,0.1343292791447323,650.4986331450624,0
5149,0.2330537543663236,602.0195402635281,0
1928,0.6838609666467249,460.43921117321935,0
4279,0.3337239187202745,565.9696553314224,0
4290,0.36728670634579785,555.328666153767,0
3246,0.595207118840232,488.2860115893303,0
3608,0.8461385228118092,393.1333145295415,0
1690,0.7159392854096884,449.4145085110774,0
975,0.17454601927162142,628.1754213374522,0
4164,0.2676312675637114,588.7125808151536,0
2012,0.11486427380031312,663.394832115479,0
3148,0.6229754082836122,479.87057538983623,0
4487,0.7624672527242885,431.96895708350394,0
2185,0.020607960358871417,794.6270468212854,0
1538,0.0032521258583411553,850.0,0
94,0.11702886534779246,661.8714976766836,0
528,0.13970049758813474,647.2214969419265,0
1068,0.04094877801671379,743.582183001974,0
4606,0.2836448049880485,582.9258879779894,1
2951,0.014919191533997875,818.3464454136443,0
203,0.08010911930364988,692.1676221530324,0
3101,0.0204268844590827,795.2770095318585,0
3125,0.15439747936755802,638.7629286087846,0
318,0.0089289896635729,850.0,0
575,0.04050757313967797,744.3967977667345,0
5586,0.23735988661621915,600.2927184060404,0
127,0.2647256403236878,589.7856417883821,0
5399,0.6628843270185071,467.32073269736395,0
5962,0.004415861392980229,850.0,0
5906,0.5986704808792089,487.2476617020824,0
1731,0.046888829090405475,733.3628218617177,0
149,0.003207903459464835,850.0,0
2798,0.3751231783796008,552.9067757235807,0
144,0.6029607937027093,485.95726868719896,0
4774,0.886226035198322,368.02119220962754,0
4792,0.25045589647262745,595.1692443554064,0
2838,0.20374208631200263,614.4209938491897,0
3334,0.08114352048865649,691.1609915503889,0
402,0.004739588005513333,850.0,0
1805,0.17039572611334808,630.2731135626132,0
5038,0.09009326760166585,682.9077780590387,0
3955,0.3746458166887019,553.0537138169467,0
4599,0.2552341828492319,593.3446697427049,0
644,0.561831573553596,498.1637961270147,0
5294,0.17117676156004244,629.8752844732749,0
5048,0.04483494130083746,736.7491371288929,0
2766,0.07528645347625255,697.0236206773449,0
695,0.6332342431908935,476.70238843795954,0
1836,0.1621762700777533,634.5506052130356,0
5070,0.4686025193998281,525.1677386025341,0
3768,0.42227146882429956,538.7074532793964,0
4871,0.09706803264515082,676.9738613870422,0
64,0.01996934312185649,796.9448096184361,0
2054,0.7653656512791022,430.8096583769679,0
2588,0.16754850514102865,631.7357745931257,0
2950,0.6288391019396332,478.064094803518,0
3785,0.1399257015050787,647.0864204179841,0
3429,0.5837232422319261,491.7093295645923,0
1652,0.21038690175924266,611.5014564127858,0
2251,0.3814451841303064,550.9676898975547,0
2074,0.00662532137143698,850.0,0
674,0.18276624224319782,624.1338635714695,0
1840,0.7238955834307468,446.5680223054145,0
2883,0.7546849870813167,435.0344523642756,0
996,0.7009653163365135,454.64489294742214,0
3639,0.4518840924708312,530.0228164593776,0
4393,0.24430138564767778,597.553851297059,0
5249,0.4875305973453937,519.6950599966988,0
4952,0.17053791462144477,630.2005805961526,0
5248,0.05564409141600731,720.3479185815643,0
3236,0.01532723561473537,816.3701512441871,0
1991,0.05207991994154229,725.3947194214317,0
2449,0.3814269407260654,550.9732674553262,0
225,0.0877700967279248,684.9762077806337,0
1030,0.32675576799912043,568.2422678127223,0
2836,0.2230545306543887,606.117249395633,0
1972,0.12547094835752917,656.1540522857807,0
4232,0.0473042754795941,732.6950560167306,0
476,0.17817114410273338,626.3751189673108,0
2007,0.04079076969204916,743.8729500707029,0
2157,0.10595398812147423,669.941964211481,0
5125,0.0150237090932511,817.8352077416012,0
5512,0.0030686135793050917,850.0,0
5086,0.3200309547611283,570.4592855162238,0
4289,0.42545023972956947,537.7684767886457,0
993,0.1650358741047828,633.0431324604863,0
5411,0.07520752628029773,697.1054400921462,0
3801,0.34491871864535295,562.3672797081063,0
2935,0.042111916366884106,741.474238349669,0
1973,0.1602458109251271,635.5804269569502,0
5368,0.3334702074917962,566.051979077839,0
4833,0.7129640822256198,450.4664987061227,0
1657,0.0005223868931177463,850.0,0
119,0.22788589936452414,604.121524788877,0
5390,0.29707159292379665,578.2247598945398,0
4018,0.2655723207334008,589.4721868792709,0
3141,0.48773961715103015,519.6347127222925,0
3673,0.061004666913262735,713.3027281457797,0
1645,0.010766794468395742,842.1789034049799,0
952,0.16999356975779858,630.478521640428,0
2992,0.12150778564472602,658.7954418703484,0
2773,0.24255676562208686,598.2371722735115,0
2731,0.40488738323327533,543.8785055713072,0
234,0.6734784875606343,463.87371381992386,0
3787,0.18206055918494124,624.4751854897796,0
872,0.5222765841026725,509.6644832512925,0
4136,0.29034619391630045,580.5634685941959,0
3810,0.04677024468502851,733.5544599835541,0
3894,0.14308700563151894,645.2092081952061,0
3562,0.5016123506135856,515.6311770848974,0
2176,0.6117038359736444,483.3126113320227,0
1338,0.4826811437393659,521.0955702774614,0
1175,0.07708176000504778,695.1834762002777,0
2231,0.30587097849901856,575.2104357906925,0
5523,0.027888921436258235,772.2642610853615,0
4665,0.5734895495673321,494.73709945526605,0
4632,0.4678637588725516,525.3817637918324,0
3306,0.28477540823394404,582.5249934510355,0
5212,0.8219039716032256,405.7806797397583,0
134,0.0011399513657274379,850.0,0
1025,0.5961484115808762,488.00408866509053,0
4177,0.023249127690793334,785.7335120708619,0
244,0.14785009128903406,642.4450104897237,0
2095,0.0052072296215266035,850.0,0
5919,0.40218349826702043,544.6888463546677,0
3942,0.014063988851279173,822.6672187105464,0
711,0.79792178551032,417.02972777329626,0
5034,0.1472398245379456,642.7950112004306,0
4518,0.7823557583583524,423.80375779606345,0
530,0.3053485269970471,575.3880263123776,0
5196,0.510348353591386,513.1100746122765,0
4106,0.8434724419896422,394.60019198732743,0
5290,0.5489047345109002,501.94022279661084,0
2571,0.05134269000110295,726.4792165683766,0
4344,0.8176529453227028,407.85631870333776,0
5749,0.0682109575629795,704.6928019491857,0
5945,0.13865227376793718,647.8526295462685,0
3604,0.1177851315346388,661.3450368149716,0
1727,0.3646281549672367,556.1551646314224,0
5592,0.10095298680583963,673.8320529671983,1
1107,0.590431654864769,489.71311200972076,0
3409,0.49482080171956816,517.5908589307305,0
5268,0.2974548171761836,578.0924282453808,0
3006,0.1823365390628994,624.341578481562,0
1140,0.089567182050554,683.3719267738145,0
1608,0.012561690217527195,830.9258105818467,0
3733,0.016648641465749375,810.3079363029958,0
1615,0.3316684043135553,566.6375295686559,0
4410,0.5719058130690967,495.2039385276922,0
4154,0.018893836815254552,801.0174871195022,0
2879,0.03501764607667799,755.3138321561792,0
4049,0.5922882394761603,489.1589113491282,0
4457,0.1322691354195192,651.7849644005682,0
2068,0.012808019099435764,829.5069750383112,0
4602,0.9219826763144746,337.952743280107,0
322,0.04929789647946339,729.5661726798539,0
2287,0.014807781696721653,818.8952945355975,0
2900,0.8563126807544046,387.3361575554351,0
3379,0.5360556852091553,505.67484376537436,0
1582,0.04979063664230379,728.8113575262303,0
2869,0.3800632228718484,551.3904879728655,0
2466,0.07875335810072437,693.5051101370555,0
287,0.3064005941584545,575.0305831357545,0
2736,0.7183157820095695,448.56943087152695,0
1817,0.011017395269966748,840.5009076371969,0
1154,0.6337150143431446,476.55302313531706,0
4482,0.09017600921572638,682.8350001276951,0
3618,0.01759198208144946,806.2630242625036,0
3013,0.031272909748985146,763.7516508702114,0
331,0.02412906982792343,782.9887118352913,0
5803,0.39314334837250114,547.4114210270029,0
997,0.00039875588648467873,850.0,0
3452,0.09576905221787782,678.0493980550509,0
4860,0.09616515079387673,677.7200601115234,0
894,0.16334339719291968,633.9327780773045,0
4163,0.5443634955883726,503.26205534900714,0
2145,0.27173582529004686,587.2092595301565,0
2862,0.16576003496811276,632.6647154959312,0
3092,0.1575305378719563,637.0460479904871,0
5073,0.7734303373276662,427.530571999402,0
4737,0.33451684385992186,565.7125694700258,0
933,0.04524398595361623,736.063112860496,0
3436,0.6076879169256371,484.5299629705492,0
4,0.0008930691716109957,850.0,0
3360,0.5022322549939081,515.4523078230555,0
2769,0.30245381269982996,576.375099714759,0
3834,0.0017443849359424382,850.0,0
4728,0.4465678306363356,531.5727636609067,0
5013,0.827155437988613,403.1622422624277,0
5109,0.2124294334027341,610.6176807953358,0
3630,0.38796862856293596,548.9796849744929,0
89,0.9123940843151411,347.0685599991791,0
1667,0.3713445894795274,554.0719487699577,0
860,0.4740377198427222,523.5942786517969,0
2373,0.6311257991458201,477.35646929886076,0
613,0.0945499544794737,679.0707237393433,0
533,0.20614105796607862,613.3589448329752,0
3471,0.5696586549271104,495.86559238727375,0
928,0.6028956258753071,485.97690424072584,0
4712,0.1566415832721612,637.5303365655041,0
5015,0.4204036783421703,539.2600620813165,0
3131,0.9161003857803987,343.6579240138579,0
5453,0.35702945635716504,558.5318816306042,0
2408,0.33094593857367965,566.8727659160244,0
3957,0.4116084439581558,541.8716029435456,0
3226,0.09337576716235794,680.0656360932575,0
1619,0.2234864499821037,605.9375915621895,0
1994,0.1214645630786979,658.8246551043136,0
2132,0.011974134734782756,834.4241795569377,0
5334,0.25226062367909435,594.4774287414019,0
2959,0.3876032057182577,549.0907161437602,0
105,0.36115895610391846,557.2375576477177,0
5032,0.5408796494056439,504.27464294804764,0
1283,0.3034878575882568,576.0218901307373,0
2363,0.3741825708131752,553.1963786577024,0
2272,0.35098285467380647,560.4392064230107,0
4840,0.46171175212033144,527.1657284398962,0
1350,0.8735330300708453,376.69132385088557,1
5882,0.0022418729618090684,850.0,0
4359,0.2438915503275897,597.7140747683922,0
2811,0.1993420175067683,616.3934178686555,0
2990,0.47389854424801353,523.6345453884485,0
5740,0.013470287434744072,825.8219028440468,0
1327,0.5308011199703487,507.197812491203,0
4970,0.9114675066964214,347.90079130826194,0
1075,0.275645883452561,585.7903600976483,0
5759,0.03589810706866992,753.4567023233327,0
4508,0.11188979849726402,665.5294147360189,0
2815,0.18526851760020271,622.9317502386498,0
5894,0.27317219296639167,586.6865537746922,0
2478,0.5355279481359565,505.82790080899366,0
3544,0.006366227158515452,850.0,0
5004,0.5634809594919361,497.6802908833273,0
549,0.6764609161327437,462.89307573427385,0
2945,0.27950986930134325,584.4003769396479,0
5464,0.47071426371227615,524.5561649795493,0
1446,0.036758077243520884,751.6846534751357,0
942,0.4509741233689996,530.2878793907461,0
3840,0.4162811916908821,540.4821636605833,0
3220,0.5344115691701152,506.15160322772994,0
5112,0.2978363609243128,577.9607745163522,0
2593,0.24242571726567994,598.2886349553376,0
5478,0.31355486505908253,572.6177303081517,0
2582,0.732446647617091,443.4515512517768,0
2260,0.20397637136740318,614.3168655136265,0
74,0.4606772104509619,527.4660431142031,0
3377,0.25322573166669404,594.1088149901432,0
1676,0.4422901492310112,532.8224868818793,0
4651,0.2683994908514784,588.4301119611871,0
3391,0.10228981339714913,672.7757690156133,0
4158,0.5171695754223805,511.1403638512922,0
2989,0.775662263334418,426.6085900877427,0
1854,0.4228606115429953,538.5332853451704,0
2747,0.07712022044758339,695.1444869671872,0
1469,0.39920791734917815,545.5826781172135,0
4731,0.01105822718910326,840.2310826433225,0
3270,0.1960250150456457,617.9020469056248,0
2562,0.488723171705352,519.3507614658503,0
1148,0.30647106248205175,575.0066658279264,0
4913,0.17545759947032852,627.7199671398199,0
275,0.17302999506325684,628.937047191979,0
3893,0.10713639023371213,669.0459656903947,0
1815,0.22114059529406987,606.9163565587374,0
188,0.16636673674541563,632.3486964293403,0
5413,0.038186684696590846,748.8271707841925,0
3111,0.16608405132895168,632.4958266886704,0
740,0.7825498303446433,423.7215153986048,0
5903,0.380683108848044,551.2007665647754,0
4325,0.7457187021491632,438.4860964055772,0
3151,0.23996509759060583,599.2584591190798,0
965,0.22979228169318425,603.3422667081278,0
2471,0.5587756703451889,499.0585617138021,0
2748,0.6709532027292371,464.70043644583575,0
3679,0.10722295144868067,668.9807140523326,0
5322,0.7690368686502093,429.3268951449963,0
5393,0.27193082287291137,587.1381970616042,0
3943,0.6230214940359046,479.85642132686263,0
1908,0.2928226202611815,579.6986609306122,0
204,0.49371635401449854,517.9095771843532,0
2419,0.04484734324994532,736.7282498331431,0
3635,0.5386030784182965,504.93569988371434,1
131,0.01699544522532731,808.7953067415071,0
2152,0.1631225268678948,634.0494239949206,0
3532,0.8545362844791111,388.37228377234976,0
1071,0.5544784176239579,500.31460551659666,0
2803,0.2899001675193444,580.7196897135996,0
5940,0.14101898799562035,646.4332451514359,0
3883,0.8701702262013402,378.86258571686926,0
1591,0.3496423614831741,560.8640698489234,0
5504,0.7424079053471365,439.74021704217125,0
5387,0.01392297609242841,823.4044452867561,0
146,0.006055182279443602,850.0,0
3487,0.3645866978707814,556.1680731314757,0
3750,0.26445435426628905,589.8862119370388,0
2642,0.005053694528228238,850.0,0
495,0.7429611867691698,439.5313737631369,0
5145,0.8516541061769043,390.0312740351874,0
2954,0.20209096757156658,615.1573765316465,0
3365,0.5468553405042356,502.53702646193636,0
5771,0.20570783827353822,613.550054707194,0
668,0.17807104000304694,626.424444664506,0
2966,0.14069726369716992,646.6250156406705,0
5625,0.08773313848747152,685.0095111061976,0
904,0.1292937999773395,653.6730497977197,0
2114,0.8686339203004522,379.8386303030834,1
4867,0.269102606203508,588.1720310458878,0
1191,0.7114726204175312,450.991404252998,0
1944,0.198348595404083,616.8432467860584,0
4864,0.14636298447429671,643.3000045897026,0
624,0.0253646020566361,779.2951142212061,0
5552,0.2688757235818754,588.2552624447986,0
2774,0.04262063588469245,740.5697390871644,0
2785,0.015823774638298403,814.0339535548821,0
4088,0.5084917645167798,513.6459638129539,0
2513,0.510389813328688,513.0981067137363,0
5171,0.054296126351004455,722.2197710180167,0
3605,0.1596988844755929,635.8740129466495,0
3613,0.5030589050662789,515.213780298819,0
1851,0.3142040245945011,572.4002936351437,0
251,0.1680771308977504,631.4627215557481,0
4920,0.3716296232690959,553.9838879003049,0
5567,0.16652168693248956,632.2681338604656,0
1774,0.38287541840876177,550.530740914957,0
387,0.5093073927488045,513.4105486176863,0
1090,0.4095751030176428,542.4776816297264,0
5969,0.3080198290332996,574.4817781798733,0
4971,0.741987962865643,439.89853431253465,0
217,0.7120241248123124,450.7974964120759,0
3597,0.3633369906125112,556.5574894360044,0
4812,0.6699919661740843,465.01427224078503,0
2998,0.4975572874009152,516.8012282224369,0
4476,0.5370391036161363,505.3895648979889,0
5725,0.21079492408337244,611.3244101233253,0
5639,0.04482684373115967,736.7627779836632,0
3919,0.3857268716202505,549.6614356823208,0
4432,0.08386081791515489,688.5713040631337,0
841,0.13284582364849873,651.423187126494,0
3180,0.33201046885418256,566.526242733395,0
722,0.8133645747907611,409.9124393694554,0
296,0.873791089891242,376.52267328656274,0
915,0.10699927458439983,669.149421323312,0
3404,0.8271189120053758,403.1806698003527,0
3507,0.7807843009566787,424.46775848186564,0
5783,0.05780063562127519,717.4401595347417,0
3144,0.009570605925375474,850.0,0
3933,0.0021650377361416276,850.0,0
3525,0.1762083969328731,627.3462420241916,0
4244,0.010205344595490804,846.0830272193255,0
735,0.23849847495203816,599.8397489867757,0
1021,0.3996271534843274,545.456610510678,0
901,0.206390328763566,613.249116640442,0
5597,0.04154539203129237,742.4938913567814,0
879,0.375505282948594,552.7892128593965,0
5735,0.5808069900827196,492.57419692199966,0
4469,0.024669868683035796,781.3498390404839,0
2981,0.21744999616466598,608.4713676344438,0
3997,0.9406433280219202,316.78812087978497,0
4181,0.23529306060943977,601.118814421377,0
4185,0.172682972889811,629.1121267114603,0
421,0.3950060416324671,546.8487055335743,0
490,0.07338070893895407,699.0216032444201,0
3024,0.19292376529300864,619.3301088085444,0
4408,0.7730616359150284,427.6822584410982,0
4444,0.6985099298505502,455.4878978264286,0
1617,0.15279739585427612,639.6507581629678,0
3670,0.027268787341541468,773.9323428400903,0
885,0.6615590337669356,467.7481201638586,0
3996,0.006194729368025655,850.0,0
3344,0.5813529087474105,492.4124241236828,0
202,0.6826173482230162,460.8537143580478,0
4593,0.6463999292918151,472.58098089154095,0
3051,0.0020470945237839613,850.0,0
5808,0.8509671971287529,390.42272423218463,0
4179,0.06974329530117442,702.9715270782141,0
1558,0.3017482201544489,576.6165089741914,0
3682,0.6325336796051,476.9198911889399,0
693,0.056434613970548615,719.2699189585409,0
2397,0.18027521579232478,625.3433322053022,0
3253,0.5078340556841252,513.835789089186,0
5492,0.0016696210307116464,850.0,0
5730,0.241123880266433,598.8008976498116,0
3000,0.42216752494914517,538.7381889209169,0
2812,0.0009478438163030839,850.0,0
650,0.5134331859406595,512.2194736246381,1
3315,0.403472112797251,544.3024359267487,0
1495,0.0074569488526783885,850.0,0
3646,0.6689649471453076,465.34907337257977,0
1747,0.22606555852982216,604.8699123324901,0
3746,0.1585343910440511,636.5018282167111,0
5696,0.19367106736107492,618.9844069831438,0
28,0.4339601915347101,535.2634453701253,0
5289,0.4891412352775125,519.2300746756849,0
147,0.05207362885854547,725.4039123252816,0
4988,0.00025683924712374234,850.0,0
1675,0.555124571326026,500.1258980326019,0
2943,0.23342178546149894,601.8710939092194,0
3276,0.14734809051627595,642.7328309748616,0
5892,0.8518484495219643,389.92025165911843,0
5024,0.0068735160484495695,850.0,0
4793,0.6799435857093689,461.7419632378855,0
3456,0.046776159101879385,733.5448910590018,0
2220,0.020300109794433276,795.73542690151,0
517,0.6411669045746188,474.22705464631156,0
2404,0.28609344243589696,582.0588459401702,0
5695,0.3408503725480795,563.669776511603,0
1341,0.8449400602890289,393.7952551586052,0
1634,0.2761115297749822,585.6222199982908,0
3906,0.049407498715854585,729.3976595237314,0
1823,0.3681386925514526,555.0643314614632,0
1990,0.6226204535248681,479.97956782182234,0
5864,0.6381758252586813,475.1631469332102,0
34,0.37645384516454417,552.4975725922628,0
5172,0.4575692803149965,528.3688391383879,0
1719,0.660009412164753,468.2468152207486,0
1353,0.00929916064541918,850.0,0
963,0.16083080372303285,635.2673032811352,0
3819,0.1982910465259308,616.8693572230254,0
3267,0.657038020000087,469.1999945298478,0
4534,0.18909818078321824,621.1159930086625,0
723,0.16622268995418324,632.4236439302831,0
5363,0.20792858052621718,612.5735270265044,0
2665,0.0025448244342523452,850.0,0
4623,0.6611219429195597,467.8888959338675,0
2069,0.6344413766471987,476.32720082788876,0
4500,0.4113751439419058,541.9410966730882,0
3937,0.6734503608992329,463.88293990734184,0
2123,0.04904362537653073,729.9584859630786,0
1131,0.008117353975989264,850.0,0
2829,0.09459784595442641,679.030379785776,0
579,0.047941719503307,731.6812213289955,0
5126,0.8789130507377174,373.1125512773285,0
493,0.9182621414021684,341.6049190458132,1
3538,0.023537726406895335,784.8222761620505,0
2846,0.12137117097548589,658.8878074885897,0
1691,0.5528539889156617,500.7887796033524,0
5412,0.46477269443079033,526.2777251013727,0
5417,0.5968870532199456,487.7827126257867,0
2063,0.49064524154161776,518.7959324874175,0
5934,0.08336812196352003,689.0351406748798,0
2639,0.3268343990804451,568.2164858485971,0
2088,0.7190295513914285,448.31477154985754,0
783,0.6360984423251829,475.81131339262487,0
4182,0.3503683101160034,560.6338906388876,0
5904,0.433365744840247,535.43803973286,0
2702,0.7886928735798758,421.09029557707737,0
3969,0.7013722748698762,454.5047903367466,0
5798,0.6882443102106575,458.97116037794325,0
4077,0.09829858043549387,675.9667700201887,0
419,0.0005388569766601911,850.0,0
2278,0.006215431433878976,850.0,0
303,0.6410979002992306,474.2486887332335,0
1692,0.48890613020272117,519.2979443696739,0
329,0.4145880839132609,540.9850777970647,0
1259,0.032588029549108326,760.6822228829576,0
3553,0.019880383663270166,797.2734210422874,0
540,0.7469257462232151,438.02620053349943,0
503,0.8541370290471274,388.60371198209776,1
4929,0.7102501714225072,451.4204313985946,0
1471,0.02615869555258735,777.0126140924962,0
541,0.7078208821347733,452.2698421025978,0
5359,0.38527612816771273,549.7986903456373,0
4180,0.062221769240259094,711.7841780683975,0
1252,0.15315635843575903,639.4509225736738,0
1931,0.8374029420220847,397.86536309148005,0
5466,0.009108053130960376,850.0,0
38,0.16403008852159653,633.5709317615248,0
1775,0.5493463462563897,501.81155854145624,0
758,0.04414356034389147,737.9223576199961,0
3258,0.5423758893471762,503.8399056509056,0
5375,0.6155897131613978,482.1302957228961,0
457,0.02351083049877133,784.90673654396,0
699,0.4289982012587946,536.7225893254338,0
680,0.7804339114665969,424.61534390926096,0
55,0.05372399569460372,723.0275311597834,0
1049,0.1173787085543909,661.6275952238756,0
2441,0.3171138812065853,571.4286036157271,0
4442,0.13904344684118064,647.6166389664767,0
3119,0.2653071077342898,589.570304279475,0
5469,0.8388662728545127,397.08728751135806,0
4912,0.028507858339170952,770.6349427642067,0
2341,0.3146021670476692,572.2670558473286,0
159,0.33059890891881255,566.985851706384,0
716,0.43273291844014816,535.6239684834984,0
4940,0.21816793261167736,608.1673895496045,0
984,0.1988349665974612,616.6228031824102,0
5907,0.5587106234827788,499.07759295984084,0
2797,0.09156307014596445,681.6238353865509,0
5098,0.2438030208322561,597.7487089631252,0
3831,0.009051233372124361,850.0,0
1586,0.16572212546284898,632.6844925516825,0
2984,0.07683879577400868,695.4301938392292,0
5036,0.23367654744441885,601.7684302888609,0
1920,0.7180703755352771,448.65689655808944,0
5819,0.40995776471353784,542.3635517719621,0
4885,0.14953697499861057,641.4837177537767,0
1867,0.5311017250571628,507.1107425461975,0
2878,0.33078500575847863,566.9252012778995,0
1572,0.4914441338434872,518.5653468762093,0
3454,0.021670491706835972,790.9222378953893,0
1024,0.8480517370827932,392.06779974506605,0
4368,0.22892951543960624,603.6943680464,0
4548,0.002833877315582921,850.0,0
2707,0.7340257651770633,442.86919439367205,0
4839,0.9195637070247653,340.34485334947874,0
937,0.14880253982185349,641.9011394914827,0
2619,0.12622589902879966,655.6590243186386,0
4804,0.6240057022268694,479.5539832398457,0
1238,0.15271166126014793,639.6985437910724,0
2967,0.09985048876193275,674.712567370697,0
4533,0.32224841057681436,569.7255721733164,0
4776,0.4074143029731969,543.1227635234186,0
3486,0.2047194199123554,613.9872036320583,0
3987,0.0005435326812266908,850.0,0
246,0.25393700374265216,593.8377454547881,0
347,0.06679783186275767,706.3122286390098,0
5369,0.20496502578790288,613.8784332769196,0
3786,0.3747868958371595,553.0102800338703,0
5745,0.08546580323268103,687.077301285085,0
929,0.02147913191949519,791.5761560097062,0
1551,0.11852801322736005,660.8307373205631,0
2492,0.8574159211656647,386.68728927729757,0
1282,0.17757441157768294,626.6694771243277,0
2536,0.06810008236764158,704.8187335019093,0
472,0.25319133786240144,594.1219353900809,0
2710,0.0004376689359004418,850.0,0
2891,0.21942720092875181,607.6359453126506,0
3700,0.12244706430351399,658.1628031861554,0
964,0.27181881035876526,587.1790135896438,0
5254,0.1837052979645978,623.6812477571137,0
2072,0.30072428043873256,576.9674075839835,0
2178,0.8986290900125172,358.69230185979814,0
2928,0.3162525152925056,571.7157380676019,1
2062,0.6941945180417456,456.9601195770963,0
5176,0.3433210522070188,562.877898751382,0
1699,0.5247619368546782,508.94577029988915,0
4947,0.20982499544843586,611.7456877962758,0
5282,0.028674733826234595,770.201529245074,0
4909,0.22291958273017035,606.1734321276632,0
881,0.32199419741159474,569.809551263342,0
5468,0.6354212575090664,476.0222592183443,0
4392,0.1579620008260392,636.8117944060197,0
1609,0.7207897067318547,447.6850907235551,0
1,0.020302111045893616,795.7281686201986,0
5846,0.630205392724936,477.6415090620133,0
2446,0.012605427605980239,830.6718922934135,0
1156,0.059276159078863515,715.5087744383889,0
2270,0.09259801903018307,680.7308334562088,0
1305,0.37510097615789756,552.913608194631,0
2585,0.1718466029081056,629.5352391068895,0
4225,0.11165956884875873,665.6966929310079,0
3327,0.7333462263622288,443.12006787627934,0
3403,0.25999721524742575,591.5481311839078,0
1989,0.8340005617694812,399.65290493515914,0
2064,0.22915328458921289,603.6029567780157,0
5795,0.08487068135948148,687.6282778881005,0
834,0.03914067033012825,746.975648043097,0
2457,0.5953900432770761,488.23124108987764,0
1321,0.41178122381546495,541.820144152373,0
910,0.33980657494508293,564.0051548965664,0
4942,0.15856992383998694,636.4826161286142,0
5590,0.17194847256695267,629.4836170061739,0
313,0.16116496277123346,635.0888540514213,0
3099,0.4242272146561668,538.1295260084272,0
508,0.5332346411079552,506.4927541538642,0
1697,0.8051672031791992,413.7438118955579,0
5656,0.701018937800375,454.62643907787174,0
5195,0.12794864920378043,654.53881345631,0
1374,0.38795507097928633,548.9838036665363,0
2209,0.4769498129923523,522.7520004396235,0
2472,0.4501898278816906,530.5164117142295,0
2533,0.26196744032960645,590.8112523974838,0
1364,0.1777258783736754,626.5946877642107,0
3674,0.05252146488847135,724.7521147098735,0
3500,0.047159275949588554,732.9274848085598,0
4101,0.027986670431219038,772.0046213984401,0
5345,0.5272466756723412,508.22688020757363,0
125,0.3465142192475642,561.858469240816,0
1145,0.11227367783906013,665.2511668862577,0
1888,0.22753407470878675,604.2658387627876,0
1702,0.27405320437773334,586.366795441641,0
3335,0.1293889499523753,653.6121006188484,0
1535,0.7173107742607541,448.9273346150999,0
1315,0.6227184315443802,479.9494867247445,0
4205,0.4573566605305837,528.4306354981173,0
479,0.09668703690787958,677.2879812806658,0
2383,0.14153080285823338,646.1289194076109,0
1914,0.18679899225942076,622.2026712930008,0
1376,0.7421601232500085,439.83365063038264,0
5427,0.09689215729442795,677.1187284645343,0
927,0.7111621229386319,451.1004775868174,0
5574,0.21059898780056108,611.4093980812454,0
1658,0.23103312167438314,602.8374928631662,0
5182,0.080764299232931,691.5286654700344,0
943,0.5049062445208291,514.6807163787934,0
1542,0.9309067501988068,328.4954055852466,0
2703,0.15714711519218297,637.2546572748336,0
4345,0.42156082616372764,538.9176272433986,0
2652,0.1899315194657171,620.7246312822781,0
4333,0.043807023354836036,738.4997905239111,0
2630,0.7639231063151392,431.38787543085334,0
1016,0.0013433111468417775,850.0,0
2841,0.33579305720518565,565.2994248130431,0
1995,0.6495959233239301,471.57025379661627,0
4034,0.8677736974612283,380.38092119388034,0
3062,0.34337969144042374,562.8591375086025,0
3712,0.012903847163735958,828.9622778926093,0
4238,0.8776819199286725,373.9433786819952,0
4362,0.7261072230835445,445.76783551814685,0
1395,0.2472561452025471,596.4040371261952,0
5916,0.9136737262950008,345.9060322993832,0
2196,0.0005759304945391925,850.0,0
4862,0.6417453376475913,474.0456332669809,0
138,0.1382717988277097,648.08270257172,0
1770,0.15126197825470902,640.5099005703104,0
4545,0.00880062364543056,850.0,0
4323,0.5295584813198008,507.5576734777547,0
5491,0.7263746588554701,445.67080355015975,1
3214,0.2508209915450374,595.0290238656426,0
3040,0.43389683931913364,535.2820498221565,0
1288,0.4198419422131466,539.4263898130129,0
2075,0.41502513557759774,540.8552007895861,0
3394,0.5987798403137724,487.21482712984925,0
3088,0.12785190240230698,654.6013801992128,0
4336,0.4130461775710007,541.4436010330584,0
1969,0.3165760123586665,571.607851873468,0
5436,0.18782426353290993,621.716828862919,0
4347,0.21549646984583767,609.3021899005004,0
406,0.09936406944065754,675.1037982147069,0
4053,0.0056592223826119935,850.0,0
5299,0.03136913207016683,763.5228777905409,0
1876,0.8697117781259717,379.154869611654,0
2346,0.2697522084940685,587.9339706756782,0
16,0.1026471931192236,672.4954614916787,0
3,0.6524368124763537,470.66825975740926,0
3378,0.5123938548373593,512.5195614680991,0
3857,0.1647400731415561,633.1980892130935,0
573,0.09244525139863807,680.862082575785,0
4690,0.059397162717621056,715.3523927874769,0
3052,0.013190441667357196,827.356750355855,0
556,0.4700473926414675,524.7492609346564,0
3501,0.47160054905356796,524.2995832215933,0
1164,0.0030832373806593837,850.0,0
2737,0.6694619433009522,465.1871218157047,0
1723,0.22727031808427572,604.3741316253535,0
1001,0.22822984650524092,603.9805937996776,0
502,0.3452637997082267,562.2571382170593,0
4105,0.9084894107331176,350.52344988749155,0
5297,0.42910073246726255,536.6923971246032,0
3765,0.6115504983580664,483.35917612139104,1
618,0.08463049447989995,687.8516412364655,0
3060,0.7176692831608128,448.7997510074605,0
1359,0.32048170023659234,570.3099259373496,0
1317,0.8965013662945364,360.3617017894413,0
2026,0.03464570317576689,756.1119139153162,0
3301,0.09128105517209847,681.8687438662387,0
4979,0.4593255214196859,527.8585703747658,0
634,0.3206525168339505,570.2533529528785,0
2282,0.7468593681555508,438.05152883707916,0
523,0.010086967002534676,846.9332765994101,0
1866,0.8150612218865803,409.10337139551535,0
621,0.49822985149269694,516.6071637729005,0
2098,0.04713303516043531,732.9696203782671,0
5887,0.19162855323900801,619.9316957839889,0
1736,0.17575475785576972,627.5719002005692,0
1637,0.16429783760526784,633.4301735636244,0
4464,0.5475271985853303,502.34142675242305,0
3217,0.5971770891211009,487.6957508954335,0
10,0.8848978961006709,368.9665649732619,0
4997,0.4329318968619093,535.5655003333692,0
3823,0.3469773816774204,561.7109717965549,1
3189,0.7439542991428967,439.15577153847494,0
3450,0.15863263234258348,636.4487190361676,0
2343,0.09159904486188586,681.5926428935857,0
3615,0.32430827674375534,569.0463717260335,0
3903,0.1625352755458576,634.3601826435647,0
4222,0.5946856729821779,488.442097417696,0
2651,0.5784931638129749,493.2592106873159,0
653,0.06252275639600306,711.4129238900078,0
2539,0.24347364705043145,597.8776403013828,0
392,0.05444506168300184,722.0108137453051,0
3336,0.08314302490549579,689.2478825633946,0
154,0.16498803585840002,633.0681776389089,0
3035,0.6081047912276976,484.40380366789145,0
2443,0.8288965648553,402.28023675735363,0
4581,0.6802176939220194,461.6510837906759,0
4250,0.9274140330630206,332.3238550865053,0
1999,0.8457556149247119,393.3452608540706,0
4466,0.1503531079760259,641.0218397579313,0
2752,0.14092338616045377,646.4901923938692,0
166,0.28009741953004963,584.1900546125237,0
4391,0.05318787585262715,723.791847417757,0
1398,0.2043903325620944,614.133097066235,0
5562,0.016301304773802913,811.8542617358646,0
5881,0.8079103882003452,412.4756157042806,0
1567,0.5786727596462732,493.20607784188473,0
3582,0.020946994132360015,793.4249962652721,0
9,0.7734141075638873,427.5372527119132,0
2229,0.39108202139044884,548.0352394975105,0
5986,0.01587098240085037,813.8156109980807,0
2808,0.6852156164145602,459.98670170147966,0
2978,0.32416839946779014,569.0924221677627,0
4070,0.5432257787667106,503.59286914352464,0
5944,0.11628442808665898,662.3926142875405,0
3143,0.2651797193769784,589.6174547673489,0
5381,0.7547543422049618,435.00742680447087,1
5239,0.4196256682393376,539.4904440101891,0
5020,0.7621062830473181,432.1126527236428,0
3328,0.10244130152047504,672.6568449258864,0
1000,0.0008237960466179065,850.0,0
3972,0.23071802326094268,602.9654947061895,0
4437,0.6813341509339518,461.2804994589919,0
3398,0.265260065695983,589.5877143508977,0
5862,0.014509391886826966,820.3855628554231,1
3300,0.35253171867950506,559.9492272597397,0
2103,0.3096063365327265,573.945615980862,0
1728,0.2958716266202675,578.6397610474025,0
5661,0.2876080287621551,581.5247700969468,0
2141,0.062291649746819604,711.6978343987852,0
2279,0.0005248231092091918,850.0,0
3781,0.03446478822529271,756.5030956301957,0
3173,0.41590910554687394,540.5926359433469,0
5883,0.3765706195189916,552.4616899022501,0
1127,0.4818630860089986,521.331909000761,0
962,0.0746489341986429,697.686766801406,0
2987,0.2095691887454909,611.8570327448011,0
3211,0.14113150232473612,646.3662649475997,0
4619,0.8434547822956816,394.60984018198997,0
4203,0.8393814755348146,396.8119880928554,0
2757,0.00030410271829521725,850.0,0
567,0.02012221227257715,796.3834544050301,0
4874,0.7553519394518932,434.7743473966567,0
782,0.6519465538100999,470.8241628239556,0
4281,0.45070480905152643,530.3663456142888,0
5676,0.23711517689715284,600.3902674639774,0
1685,0.2921910195555259,579.9188161690083,0
460,0.1938630754743653,618.8957478164118,0
4246,0.12550780116060925,656.1298284436987,0
3631,0.3404570060436097,563.7961090663931,0
2477,0.22759377039771683,604.2413412748236,0
4989,0.22046070078926652,607.2014173074099,0
2918,0.33486505128765665,565.5997678842903,0
2060,0.078218699966128,694.0383566082252,0
5484,0.7869938084200968,421.82355880458533,0
5526,0.21235714921465365,610.6488508563401,0
5217,0.04471822669876893,736.9459774449041,0
5688,0.9358075635261482,322.80957157638045,0
4709,0.7974233859720069,417.2524907203764,0
3600,0.13985950835143449,647.126103937637,0
1129,0.5346391734049055,506.08561589848614,0
2590,0.5599523162110388,498.7141990634725,0
3432,0.2919420537309668,580.0056742153357,0
3105,0.3799248838361468,551.432844138292,0
2899,0.4356954290002873,534.7541076530572,0
2854,0.044711618394417445,736.957137057134,0
2345,0.015588474851332154,815.1318977010342,0
3235,0.5565386741306965,499.7127221647242,0
5108,0.20530657679107658,613.7273328153343,0
931,0.13596952002592555,649.4863509657614,0
4224,0.837204940220098,397.97020950111164,0
4987,0.6055548028417227,485.17477179908735,0
5720,0.8637613206507017,382.8715868092689,0
443,0.8601063869980338,385.0871536256942,0
768,0.24510398043546514,597.2406060361945,0
4773,0.6965002375262369,456.1749818727239,0
2557,0.27846676606928955,584.7744392058894,0
2084,0.4521035734500952,529.9588984141609,0
3424,0.27535131690124415,585.8968159103282,0
2138,0.33934042884763504,564.1550917400612,0
5980,0.637346304375169,475.4221583335333,0
255,0.2198786353989794,607.4459623767799,0
922,0.0008239260085981565,850.0,0
3475,0.057440779522832566,717.9182063390696,0
3420,0.30507805506929014,575.4800313945175,0
955,0.4797169849266478,521.9520592343754,0
4564,0.4119482792171653,541.7703964259948,0
3627,0.7460971794734799,438.34204810238725,0
858,0.12316909810725585,657.6793197429246,0
2819,0.11776295646302186,661.3604318314063,0
3124,0.33981133576344436,564.0036240851005,0
4934,0.05965863900093211,715.0154850236189,0
66,0.7203880690623765,447.82898641956774,0
633,0.8674868608291553,380.56108018986595,0
724,0.7176309104264883,448.8134115170233,0
4850,0.16255791417022747,634.3481861023992,0
1532,0.40450023991191775,543.9944231711604,0
3664,0.21761109168863876,608.403095985339,0
4377,0.8692873678121495,379.4246743054187,0
4814,0.1931345636560962,619.2324905529761,0
2868,0.7200420518529169,447.9528534576573,0
2221,0.8836146810600954,369.8709895716783,0
4809,0.07428789293216959,698.0646336817726,0
117,0.4432838413239368,532.5319639428765,0
824,0.0110957630095327,839.9839065728611,0
3257,0.03632814777896894,752.5655172679476,0
3467,0.10618631270053623,669.7652207998638,0
4273,0.8483532871405451,391.8988568460459,0
3084,0.21554758987755473,609.2803795201827,0
3480,0.048098062300495785,731.434518719586,0
3888,0.3244918411929996,568.9859542469898,0
4471,0.24743154802592165,596.3360724252794,0
5970,0.6753896593715928,463.2458481160899,0
1810,0.0728444738577671,699.5924012034951,0
5288,0.4630072975597242,526.7897822583594,0
3177,0.6837468595955252,460.4772799529848,0
2089,0.5035431696271827,515.0740449810971,0
36,0.6806067970724081,461.52200732081235,0
4411,0.1870279108224301,622.0940166559227,0
5634,0.23371008076752983,601.7549228741111,0
3509,0.7838662954234878,423.16222845845755,0
4542,0.3088346079232358,574.2062323058768,0
5549,0.16058741380006317,635.3974682756103,0
5752,0.19397760968942274,618.8428937426512,0
1941,0.059397310630554215,715.3522018117369,0
5202,0.09728164087614294,676.7982287549228,0
777,0.8735297674366871,376.69345420444745,0
757,0.015542246814270924,815.3495204193309,0
192,0.8223056589249788,405.58255375584434,0
1694,0.49359335927075193,517.9450716820578,0
3380,0.1621926032675599,634.5419344373256,0
5724,0.04684508386716403,733.4334625517596,0
5727,0.4538597313648917,529.4476569497266,0
4869,0.7447124813008006,438.8683781084268,0
2374,0.19498628953339417,618.3784382481974,1
5113,0.022258840484474768,788.9465167532803,0
5658,0.09939394113848345,675.0797231345673,0
2377,0.5268721316175716,508.33526823454724,0
3841,0.3267237035408546,568.2527821889672,0
46,0.43934425189156084,533.6845740124321,0
1922,0.45097434723684143,530.2878141690934,0
4211,0.6697922228414771,465.07942848870346,0
5924,0.3587447214323909,557.9934643614904,0
2762,0.2894147528817472,580.8898683136068,0
4113,0.48345726971581177,520.871370543779,0
5373,0.2169952117430896,608.6643008302416,0
3968,0.2696603526572487,587.9676111940245,0
2969,0.3231245182940411,569.4364164811599,0
5835,0.026250743018596114,776.7524126869823,0
4308,0.9136951265536805,345.88645836243626,0
1553,0.4654565933385092,526.0794282577519,0
1316,0.6916845071816418,457.81106695461546,0
5773,0.3540488307131469,559.470242578637,0
3426,0.17429584048783855,628.3007463654974,0
1325,0.04880175857523509,730.3334550625677,0
682,0.6876251564943122,459.17920211129257,0
2806,0.3360486426706644,565.2167784195917,0
4716,0.11589148142928772,662.6688515728705,0
1536,0.22331451957204992,606.0090767451406,0
5136,0.8288103682234896,402.3240685246337,0
3415,0.2160012240513769,609.0870004390042,0
3666,0.2934465798616804,579.4814421699895,0
3036,0.8278310953081178,402.8208128168069,0
4475,0.16880394924878092,631.0884118756977,0
5603,0.6384180438311666,475.08746764344244,0
923,0.6824517514084241,460.9088427622405,0
793,0.5814473103413703,492.3844439985432,0
3807,0.3286904756188272,567.6088276825137,0
3569,0.48959526291079974,519.0990107248715,0
1407,0.3326836417060124,566.307401756967,0
1724,0.09354822575103348,679.9188082519121,0
4890,0.6699988297898788,465.0120329747526,0
3239,0.586590021714281,490.8574387815883,0
3191,0.6024078203250551,486.12384882560434,0
2861,0.10808748825571571,668.3315382285381,0
1809,0.4074596824781854,543.1092050965037,0
2384,0.09750684264351579,676.6134359183128,0
3370,0.0788777741051342,693.3814976665062,0
4725,0.34948128969622894,560.9151713908788,0
5566,0.2073915865329864,612.8089504151233,0
5428,0.15312401814418597,639.4689107764826,0
895,0.017550004348349857,806.438439065607,0
1116,0.6219711810939278,480.1788290996508,0
2040,0.7322924736678463,443.5082913073983,0
1271,0.3045088958331892,575.6737890723418,0
2512,0.5415346820800566,504.084347934936,0
5551,0.76190773256679,432.1916282212418,0
4067,0.6919912126019034,457.70729442214923,0
4089,0.35026537794327445,560.6665143271784,0
1176,0.19610118919916586,617.8671863461252,0
908,0.173798608474783,628.5502526864653,0
3155,0.031748085984573356,762.628451000334,0
5681,0.8412663513757239,395.7986719636966,0
5774,0.029064090814923164,769.1997239234483,0
3030,0.0037535740848521027,850.0,0
776,0.002974654196445185,850.0,0
3813,0.26558432486475236,589.4677473474688,0
4685,0.03286440258589148,760.0524303604298,0
5975,0.2067661158751678,613.0837309737082,0
2053,0.057849156676916876,717.3759161635523,0
4713,0.5252936839401171,508.7919551146409,0
4834,0.9411959250075094,316.0710529903696,0
273,0.2902295844335788,580.604297456911,0
2729,0.3331152856856494,566.1671959854444,0
514,0.3968468384705756,546.2935090888849,0
1998,0.5326741892268674,506.6551719396921,0
312,0.6043661347446901,485.5335597498811,0
5521,0.004881231443458688,850.0,0
3273,0.8139011665536785,409.65717453470586,0
2076,0.14215198077794314,645.7607983981867,0
2129,0.64092231689972,474.3037290475145,0
2295,0.0030922888058478584,850.0,0
5933,0.3326374734595387,566.3224034342405,0
3677,0.25375241312367647,593.9080457010427,0
2741,0.08639694072787092,686.22217216366,0
4043,0.7281472863164031,445.02615113089354,0
3803,0.003387550536888647,850.0,0
1227,0.02410673633509475,783.0571603969895,0
2721,0.027754009685249686,772.6240676794037,0
5581,0.1871231948573648,622.0488209193098,0
4898,0.0014317991047868449,850.0,0
948,0.02985457129242981,767.2052683562474,0
4819,0.6112347517413386,483.45503934595195,0
3314,0.13178786777914606,652.0879056865364,0
130,0.010791831886235824,842.0095281375817,0
5664,0.5196550898948549,510.4222206413225,0
746,0.060353856911328524,714.1263890903247,0
839,0.11730526394303067,661.6787467492339,0
5028,0.0008884035943334094,850.0,0
4948,0.30688897778905133,574.8648862518587,0
1310,0.5206507658802384,510.1344617020819,0
1200,0.32502626630283227,568.8101572569637,0
1400,0.019080971746074114,800.2927797594753,0
